assessment_name,url,description,test_type
Situation Judgement Tests Sjt,https://www.shl.com/products/assessments/behavioral-assessments/situation-judgement-tests-sjt/,Professional SHL assessment for Situation Judgement Tests Sjt.,P
Shl Occupational Personality Questionnaire Opq,https://www.shl.com/products/assessments/personality-assessment/shl-occupational-personality-questionnaire-opq/,Professional SHL assessment for Shl Occupational Personality Questionnaire Opq.,P
Job Focused Assessments,https://www.shl.com/products/assessments/job-focused-assessments/,Professional SHL assessment for Job Focused Assessments.,K
Call Center Simulations,https://www.shl.com/products/assessments/skills-and-simulations/call-center-simulations/,Professional SHL assessment for Call Center Simulations.,K
Behavioral Assessments,https://www.shl.com/products/assessments/behavioral-assessments/,Professional SHL assessment for Behavioral Assessments.,P
Skills And Simulations,https://www.shl.com/products/assessments/skills-and-simulations/,Professional SHL assessment for Skills And Simulations.,K
Business Skills,https://www.shl.com/products/assessments/skills-and-simulations/business-skills/,Professional SHL assessment for Business Skills.,K
Coding Simulations,https://www.shl.com/products/assessments/skills-and-simulations/coding-simulations/,Professional SHL assessment for Coding Simulations.,K
Video Interviews,https://www.shl.com/products/video-interviews/,Professional SHL assessment for Video Interviews.,K
Language Evaluation,https://www.shl.com/products/assessments/skills-and-simulations/language-evaluation/,Professional SHL assessment for Language Evaluation.,K
Assessment And Development Centers,https://www.shl.com/products/assessments/assessment-and-development-centers/,Professional SHL assessment for Assessment And Development Centers.,K
Technical Skills,https://www.shl.com/products/assessments/skills-and-simulations/technical-skills/,Professional SHL assessment for Technical Skills.,K
Assessments,https://www.shl.com/products/assessments/,Professional SHL assessment for Assessments.,K
Products,https://www.shl.com/products/,Professional SHL assessment for Products.,K
Personality Assessment,https://www.shl.com/products/assessments/personality-assessment/,Professional SHL assessment for Personality Assessment.,P
360,https://www.shl.com/products/360/,Professional SHL assessment for 360.,K
Shl Motivation Questionnaire Mq,https://www.shl.com/products/assessments/personality-assessment/shl-motivation-questionnaire-mq/,Professional SHL assessment for Shl Motivation Questionnaire Mq.,P
Cognitive Assessments,https://www.shl.com/products/assessments/cognitive-assessments/,Professional SHL assessment for Cognitive Assessments.,K
Situation Judgement Tests Sjt,https://www.shl.com/products/assessments/behavioral-assessments/situation-judgement-tests-sjt/,Professional SHL assessment for Situation Judgement Tests Sjt.,P
Situation Judgement Tests Sjt,https://www.shl.com/products/assessments/behavioral-assessments/situation-judgement-tests-sjt/,Professional SHL assessment for Situation Judgement Tests Sjt.,P
Situation Judgement Tests Sjt,https://www.shl.com/products/assessments/behavioral-assessments/situation-judgement-tests-sjt/,Professional SHL assessment for Situation Judgement Tests Sjt.,P
Situation Judgement Tests Sjt,https://www.shl.com/products/assessments/behavioral-assessments/situation-judgement-tests-sjt/,Professional SHL assessment for Situation Judgement Tests Sjt.,P
Situation Judgement Tests Sjt,https://www.shl.com/products/assessments/behavioral-assessments/situation-judgement-tests-sjt/,Professional SHL assessment for Situation Judgement Tests Sjt.,P
Situation Judgement Tests Sjt,https://www.shl.com/products/assessments/behavioral-assessments/situation-judgement-tests-sjt/,Professional SHL assessment for Situation Judgement Tests Sjt.,P
Situation Judgement Tests Sjt,https://www.shl.com/products/assessments/behavioral-assessments/situation-judgement-tests-sjt/,Professional SHL assessment for Situation Judgement Tests Sjt.,P
Situation Judgement Tests Sjt,https://www.shl.com/products/assessments/behavioral-assessments/situation-judgement-tests-sjt/,Professional SHL assessment for Situation Judgement Tests Sjt.,P
Situation Judgement Tests Sjt,https://www.shl.com/products/assessments/behavioral-assessments/situation-judgement-tests-sjt/,Professional SHL assessment for Situation Judgement Tests Sjt.,P
Situation Judgement Tests Sjt,https://www.shl.com/products/assessments/behavioral-assessments/situation-judgement-tests-sjt/,Professional SHL assessment for Situation Judgement Tests Sjt.,P
Situation Judgement Tests Sjt,https://www.shl.com/products/assessments/behavioral-assessments/situation-judgement-tests-sjt/,Professional SHL assessment for Situation Judgement Tests Sjt.,P
Situation Judgement Tests Sjt,https://www.shl.com/products/assessments/behavioral-assessments/situation-judgement-tests-sjt/,Professional SHL assessment for Situation Judgement Tests Sjt.,P
Situation Judgement Tests Sjt,https://www.shl.com/products/assessments/behavioral-assessments/situation-judgement-tests-sjt/,Professional SHL assessment for Situation Judgement Tests Sjt.,P
Situation Judgement Tests Sjt,https://www.shl.com/products/assessments/behavioral-assessments/situation-judgement-tests-sjt/,Professional SHL assessment for Situation Judgement Tests Sjt.,P
Situation Judgement Tests Sjt,https://www.shl.com/products/assessments/behavioral-assessments/situation-judgement-tests-sjt/,Professional SHL assessment for Situation Judgement Tests Sjt.,P
Situation Judgement Tests Sjt,https://www.shl.com/products/assessments/behavioral-assessments/situation-judgement-tests-sjt/,Professional SHL assessment for Situation Judgement Tests Sjt.,P
Situation Judgement Tests Sjt,https://www.shl.com/products/assessments/behavioral-assessments/situation-judgement-tests-sjt/,Professional SHL assessment for Situation Judgement Tests Sjt.,P
Situation Judgement Tests Sjt,https://www.shl.com/products/assessments/behavioral-assessments/situation-judgement-tests-sjt/,Professional SHL assessment for Situation Judgement Tests Sjt.,P
Situation Judgement Tests Sjt,https://www.shl.com/products/assessments/behavioral-assessments/situation-judgement-tests-sjt/,Professional SHL assessment for Situation Judgement Tests Sjt.,P
Situation Judgement Tests Sjt,https://www.shl.com/products/assessments/behavioral-assessments/situation-judgement-tests-sjt/,Professional SHL assessment for Situation Judgement Tests Sjt.,P
Situation Judgement Tests Sjt,https://www.shl.com/products/assessments/behavioral-assessments/situation-judgement-tests-sjt/,Professional SHL assessment for Situation Judgement Tests Sjt.,P
Situation Judgement Tests Sjt,https://www.shl.com/products/assessments/behavioral-assessments/situation-judgement-tests-sjt/,Professional SHL assessment for Situation Judgement Tests Sjt.,P
Situation Judgement Tests Sjt,https://www.shl.com/products/assessments/behavioral-assessments/situation-judgement-tests-sjt/,Professional SHL assessment for Situation Judgement Tests Sjt.,P
Situation Judgement Tests Sjt,https://www.shl.com/products/assessments/behavioral-assessments/situation-judgement-tests-sjt/,Professional SHL assessment for Situation Judgement Tests Sjt.,P
Situation Judgement Tests Sjt,https://www.shl.com/products/assessments/behavioral-assessments/situation-judgement-tests-sjt/,Professional SHL assessment for Situation Judgement Tests Sjt.,P
Situation Judgement Tests Sjt,https://www.shl.com/products/assessments/behavioral-assessments/situation-judgement-tests-sjt/,Professional SHL assessment for Situation Judgement Tests Sjt.,P
Situation Judgement Tests Sjt,https://www.shl.com/products/assessments/behavioral-assessments/situation-judgement-tests-sjt/,Professional SHL assessment for Situation Judgement Tests Sjt.,P
Situation Judgement Tests Sjt,https://www.shl.com/products/assessments/behavioral-assessments/situation-judgement-tests-sjt/,Professional SHL assessment for Situation Judgement Tests Sjt.,P
Situation Judgement Tests Sjt,https://www.shl.com/products/assessments/behavioral-assessments/situation-judgement-tests-sjt/,Professional SHL assessment for Situation Judgement Tests Sjt.,P
Situation Judgement Tests Sjt,https://www.shl.com/products/assessments/behavioral-assessments/situation-judgement-tests-sjt/,Professional SHL assessment for Situation Judgement Tests Sjt.,P
Situation Judgement Tests Sjt,https://www.shl.com/products/assessments/behavioral-assessments/situation-judgement-tests-sjt/,Professional SHL assessment for Situation Judgement Tests Sjt.,P
Situation Judgement Tests Sjt,https://www.shl.com/products/assessments/behavioral-assessments/situation-judgement-tests-sjt/,Professional SHL assessment for Situation Judgement Tests Sjt.,P
Situation Judgement Tests Sjt,https://www.shl.com/products/assessments/behavioral-assessments/situation-judgement-tests-sjt/,Professional SHL assessment for Situation Judgement Tests Sjt.,P
Situation Judgement Tests Sjt,https://www.shl.com/products/assessments/behavioral-assessments/situation-judgement-tests-sjt/,Professional SHL assessment for Situation Judgement Tests Sjt.,P
Situation Judgement Tests Sjt,https://www.shl.com/products/assessments/behavioral-assessments/situation-judgement-tests-sjt/,Professional SHL assessment for Situation Judgement Tests Sjt.,P
Situation Judgement Tests Sjt,https://www.shl.com/products/assessments/behavioral-assessments/situation-judgement-tests-sjt/,Professional SHL assessment for Situation Judgement Tests Sjt.,P
Situation Judgement Tests Sjt,https://www.shl.com/products/assessments/behavioral-assessments/situation-judgement-tests-sjt/,Professional SHL assessment for Situation Judgement Tests Sjt.,P
Situation Judgement Tests Sjt,https://www.shl.com/products/assessments/behavioral-assessments/situation-judgement-tests-sjt/,Professional SHL assessment for Situation Judgement Tests Sjt.,P
Situation Judgement Tests Sjt,https://www.shl.com/products/assessments/behavioral-assessments/situation-judgement-tests-sjt/,Professional SHL assessment for Situation Judgement Tests Sjt.,P
Situation Judgement Tests Sjt,https://www.shl.com/products/assessments/behavioral-assessments/situation-judgement-tests-sjt/,Professional SHL assessment for Situation Judgement Tests Sjt.,P
Situation Judgement Tests Sjt,https://www.shl.com/products/assessments/behavioral-assessments/situation-judgement-tests-sjt/,Professional SHL assessment for Situation Judgement Tests Sjt.,P
Situation Judgement Tests Sjt,https://www.shl.com/products/assessments/behavioral-assessments/situation-judgement-tests-sjt/,Professional SHL assessment for Situation Judgement Tests Sjt.,P
Situation Judgement Tests Sjt,https://www.shl.com/products/assessments/behavioral-assessments/situation-judgement-tests-sjt/,Professional SHL assessment for Situation Judgement Tests Sjt.,P
Situation Judgement Tests Sjt,https://www.shl.com/products/assessments/behavioral-assessments/situation-judgement-tests-sjt/,Professional SHL assessment for Situation Judgement Tests Sjt.,P
Situation Judgement Tests Sjt,https://www.shl.com/products/assessments/behavioral-assessments/situation-judgement-tests-sjt/,Professional SHL assessment for Situation Judgement Tests Sjt.,P
Situation Judgement Tests Sjt,https://www.shl.com/products/assessments/behavioral-assessments/situation-judgement-tests-sjt/,Professional SHL assessment for Situation Judgement Tests Sjt.,P
Situation Judgement Tests Sjt,https://www.shl.com/products/assessments/behavioral-assessments/situation-judgement-tests-sjt/,Professional SHL assessment for Situation Judgement Tests Sjt.,P
Situation Judgement Tests Sjt,https://www.shl.com/products/assessments/behavioral-assessments/situation-judgement-tests-sjt/,Professional SHL assessment for Situation Judgement Tests Sjt.,P
Situation Judgement Tests Sjt,https://www.shl.com/products/assessments/behavioral-assessments/situation-judgement-tests-sjt/,Professional SHL assessment for Situation Judgement Tests Sjt.,P
Situation Judgement Tests Sjt,https://www.shl.com/products/assessments/behavioral-assessments/situation-judgement-tests-sjt/,Professional SHL assessment for Situation Judgement Tests Sjt.,P
Situation Judgement Tests Sjt,https://www.shl.com/products/assessments/behavioral-assessments/situation-judgement-tests-sjt/,Professional SHL assessment for Situation Judgement Tests Sjt.,P
Situation Judgement Tests Sjt,https://www.shl.com/products/assessments/behavioral-assessments/situation-judgement-tests-sjt/,Professional SHL assessment for Situation Judgement Tests Sjt.,P
Situation Judgement Tests Sjt,https://www.shl.com/products/assessments/behavioral-assessments/situation-judgement-tests-sjt/,Professional SHL assessment for Situation Judgement Tests Sjt.,P
Situation Judgement Tests Sjt,https://www.shl.com/products/assessments/behavioral-assessments/situation-judgement-tests-sjt/,Professional SHL assessment for Situation Judgement Tests Sjt.,P
Situation Judgement Tests Sjt,https://www.shl.com/products/assessments/behavioral-assessments/situation-judgement-tests-sjt/,Professional SHL assessment for Situation Judgement Tests Sjt.,P
Situation Judgement Tests Sjt,https://www.shl.com/products/assessments/behavioral-assessments/situation-judgement-tests-sjt/,Professional SHL assessment for Situation Judgement Tests Sjt.,P
Situation Judgement Tests Sjt,https://www.shl.com/products/assessments/behavioral-assessments/situation-judgement-tests-sjt/,Professional SHL assessment for Situation Judgement Tests Sjt.,P
Situation Judgement Tests Sjt,https://www.shl.com/products/assessments/behavioral-assessments/situation-judgement-tests-sjt/,Professional SHL assessment for Situation Judgement Tests Sjt.,P
Situation Judgement Tests Sjt,https://www.shl.com/products/assessments/behavioral-assessments/situation-judgement-tests-sjt/,Professional SHL assessment for Situation Judgement Tests Sjt.,P
Situation Judgement Tests Sjt,https://www.shl.com/products/assessments/behavioral-assessments/situation-judgement-tests-sjt/,Professional SHL assessment for Situation Judgement Tests Sjt.,P
Situation Judgement Tests Sjt,https://www.shl.com/products/assessments/behavioral-assessments/situation-judgement-tests-sjt/,Professional SHL assessment for Situation Judgement Tests Sjt.,P
Situation Judgement Tests Sjt,https://www.shl.com/products/assessments/behavioral-assessments/situation-judgement-tests-sjt/,Professional SHL assessment for Situation Judgement Tests Sjt.,P
Situation Judgement Tests Sjt,https://www.shl.com/products/assessments/behavioral-assessments/situation-judgement-tests-sjt/,Professional SHL assessment for Situation Judgement Tests Sjt.,P
Situation Judgement Tests Sjt,https://www.shl.com/products/assessments/behavioral-assessments/situation-judgement-tests-sjt/,Professional SHL assessment for Situation Judgement Tests Sjt.,P
Situation Judgement Tests Sjt,https://www.shl.com/products/assessments/behavioral-assessments/situation-judgement-tests-sjt/,Professional SHL assessment for Situation Judgement Tests Sjt.,P
Situation Judgement Tests Sjt,https://www.shl.com/products/assessments/behavioral-assessments/situation-judgement-tests-sjt/,Professional SHL assessment for Situation Judgement Tests Sjt.,P
Situation Judgement Tests Sjt,https://www.shl.com/products/assessments/behavioral-assessments/situation-judgement-tests-sjt/,Professional SHL assessment for Situation Judgement Tests Sjt.,P
Situation Judgement Tests Sjt,https://www.shl.com/products/assessments/behavioral-assessments/situation-judgement-tests-sjt/,Professional SHL assessment for Situation Judgement Tests Sjt.,P
Situation Judgement Tests Sjt,https://www.shl.com/products/assessments/behavioral-assessments/situation-judgement-tests-sjt/,Professional SHL assessment for Situation Judgement Tests Sjt.,P
Situation Judgement Tests Sjt,https://www.shl.com/products/assessments/behavioral-assessments/situation-judgement-tests-sjt/,Professional SHL assessment for Situation Judgement Tests Sjt.,P
Situation Judgement Tests Sjt,https://www.shl.com/products/assessments/behavioral-assessments/situation-judgement-tests-sjt/,Professional SHL assessment for Situation Judgement Tests Sjt.,P
Situation Judgement Tests Sjt,https://www.shl.com/products/assessments/behavioral-assessments/situation-judgement-tests-sjt/,Professional SHL assessment for Situation Judgement Tests Sjt.,P
Situation Judgement Tests Sjt,https://www.shl.com/products/assessments/behavioral-assessments/situation-judgement-tests-sjt/,Professional SHL assessment for Situation Judgement Tests Sjt.,P
Situation Judgement Tests Sjt,https://www.shl.com/products/assessments/behavioral-assessments/situation-judgement-tests-sjt/,Professional SHL assessment for Situation Judgement Tests Sjt.,P
Situation Judgement Tests Sjt,https://www.shl.com/products/assessments/behavioral-assessments/situation-judgement-tests-sjt/,Professional SHL assessment for Situation Judgement Tests Sjt.,P
Situation Judgement Tests Sjt,https://www.shl.com/products/assessments/behavioral-assessments/situation-judgement-tests-sjt/,Professional SHL assessment for Situation Judgement Tests Sjt.,P
Situation Judgement Tests Sjt,https://www.shl.com/products/assessments/behavioral-assessments/situation-judgement-tests-sjt/,Professional SHL assessment for Situation Judgement Tests Sjt.,P
Situation Judgement Tests Sjt,https://www.shl.com/products/assessments/behavioral-assessments/situation-judgement-tests-sjt/,Professional SHL assessment for Situation Judgement Tests Sjt.,P
Situation Judgement Tests Sjt,https://www.shl.com/products/assessments/behavioral-assessments/situation-judgement-tests-sjt/,Professional SHL assessment for Situation Judgement Tests Sjt.,P
Situation Judgement Tests Sjt,https://www.shl.com/products/assessments/behavioral-assessments/situation-judgement-tests-sjt/,Professional SHL assessment for Situation Judgement Tests Sjt.,P
Situation Judgement Tests Sjt,https://www.shl.com/products/assessments/behavioral-assessments/situation-judgement-tests-sjt/,Professional SHL assessment for Situation Judgement Tests Sjt.,P
Situation Judgement Tests Sjt,https://www.shl.com/products/assessments/behavioral-assessments/situation-judgement-tests-sjt/,Professional SHL assessment for Situation Judgement Tests Sjt.,P
Situation Judgement Tests Sjt,https://www.shl.com/products/assessments/behavioral-assessments/situation-judgement-tests-sjt/,Professional SHL assessment for Situation Judgement Tests Sjt.,P
Situation Judgement Tests Sjt,https://www.shl.com/products/assessments/behavioral-assessments/situation-judgement-tests-sjt/,Professional SHL assessment for Situation Judgement Tests Sjt.,P
Situation Judgement Tests Sjt,https://www.shl.com/products/assessments/behavioral-assessments/situation-judgement-tests-sjt/,Professional SHL assessment for Situation Judgement Tests Sjt.,P
Situation Judgement Tests Sjt,https://www.shl.com/products/assessments/behavioral-assessments/situation-judgement-tests-sjt/,Professional SHL assessment for Situation Judgement Tests Sjt.,P
Situation Judgement Tests Sjt,https://www.shl.com/products/assessments/behavioral-assessments/situation-judgement-tests-sjt/,Professional SHL assessment for Situation Judgement Tests Sjt.,P
Situation Judgement Tests Sjt,https://www.shl.com/products/assessments/behavioral-assessments/situation-judgement-tests-sjt/,Professional SHL assessment for Situation Judgement Tests Sjt.,P
Situation Judgement Tests Sjt,https://www.shl.com/products/assessments/behavioral-assessments/situation-judgement-tests-sjt/,Professional SHL assessment for Situation Judgement Tests Sjt.,P
Situation Judgement Tests Sjt,https://www.shl.com/products/assessments/behavioral-assessments/situation-judgement-tests-sjt/,Professional SHL assessment for Situation Judgement Tests Sjt.,P
Situation Judgement Tests Sjt,https://www.shl.com/products/assessments/behavioral-assessments/situation-judgement-tests-sjt/,Professional SHL assessment for Situation Judgement Tests Sjt.,P
Situation Judgement Tests Sjt,https://www.shl.com/products/assessments/behavioral-assessments/situation-judgement-tests-sjt/,Professional SHL assessment for Situation Judgement Tests Sjt.,P
Situation Judgement Tests Sjt,https://www.shl.com/products/assessments/behavioral-assessments/situation-judgement-tests-sjt/,Professional SHL assessment for Situation Judgement Tests Sjt.,P
Situation Judgement Tests Sjt,https://www.shl.com/products/assessments/behavioral-assessments/situation-judgement-tests-sjt/,Professional SHL assessment for Situation Judgement Tests Sjt.,P
Situation Judgement Tests Sjt,https://www.shl.com/products/assessments/behavioral-assessments/situation-judgement-tests-sjt/,Professional SHL assessment for Situation Judgement Tests Sjt.,P
Situation Judgement Tests Sjt,https://www.shl.com/products/assessments/behavioral-assessments/situation-judgement-tests-sjt/,Professional SHL assessment for Situation Judgement Tests Sjt.,P
Situation Judgement Tests Sjt,https://www.shl.com/products/assessments/behavioral-assessments/situation-judgement-tests-sjt/,Professional SHL assessment for Situation Judgement Tests Sjt.,P
Situation Judgement Tests Sjt,https://www.shl.com/products/assessments/behavioral-assessments/situation-judgement-tests-sjt/,Professional SHL assessment for Situation Judgement Tests Sjt.,P
Situation Judgement Tests Sjt,https://www.shl.com/products/assessments/behavioral-assessments/situation-judgement-tests-sjt/,Professional SHL assessment for Situation Judgement Tests Sjt.,P
Situation Judgement Tests Sjt,https://www.shl.com/products/assessments/behavioral-assessments/situation-judgement-tests-sjt/,Professional SHL assessment for Situation Judgement Tests Sjt.,P
Situation Judgement Tests Sjt,https://www.shl.com/products/assessments/behavioral-assessments/situation-judgement-tests-sjt/,Professional SHL assessment for Situation Judgement Tests Sjt.,P
Situation Judgement Tests Sjt,https://www.shl.com/products/assessments/behavioral-assessments/situation-judgement-tests-sjt/,Professional SHL assessment for Situation Judgement Tests Sjt.,P
Situation Judgement Tests Sjt,https://www.shl.com/products/assessments/behavioral-assessments/situation-judgement-tests-sjt/,Professional SHL assessment for Situation Judgement Tests Sjt.,P
Situation Judgement Tests Sjt,https://www.shl.com/products/assessments/behavioral-assessments/situation-judgement-tests-sjt/,Professional SHL assessment for Situation Judgement Tests Sjt.,P
Situation Judgement Tests Sjt,https://www.shl.com/products/assessments/behavioral-assessments/situation-judgement-tests-sjt/,Professional SHL assessment for Situation Judgement Tests Sjt.,P
Situation Judgement Tests Sjt,https://www.shl.com/products/assessments/behavioral-assessments/situation-judgement-tests-sjt/,Professional SHL assessment for Situation Judgement Tests Sjt.,P
Situation Judgement Tests Sjt,https://www.shl.com/products/assessments/behavioral-assessments/situation-judgement-tests-sjt/,Professional SHL assessment for Situation Judgement Tests Sjt.,P
Situation Judgement Tests Sjt,https://www.shl.com/products/assessments/behavioral-assessments/situation-judgement-tests-sjt/,Professional SHL assessment for Situation Judgement Tests Sjt.,P
Situation Judgement Tests Sjt,https://www.shl.com/products/assessments/behavioral-assessments/situation-judgement-tests-sjt/,Professional SHL assessment for Situation Judgement Tests Sjt.,P
Situation Judgement Tests Sjt,https://www.shl.com/products/assessments/behavioral-assessments/situation-judgement-tests-sjt/,Professional SHL assessment for Situation Judgement Tests Sjt.,P
Situation Judgement Tests Sjt,https://www.shl.com/products/assessments/behavioral-assessments/situation-judgement-tests-sjt/,Professional SHL assessment for Situation Judgement Tests Sjt.,P
Situation Judgement Tests Sjt,https://www.shl.com/products/assessments/behavioral-assessments/situation-judgement-tests-sjt/,Professional SHL assessment for Situation Judgement Tests Sjt.,P
Situation Judgement Tests Sjt,https://www.shl.com/products/assessments/behavioral-assessments/situation-judgement-tests-sjt/,Professional SHL assessment for Situation Judgement Tests Sjt.,P
Situation Judgement Tests Sjt,https://www.shl.com/products/assessments/behavioral-assessments/situation-judgement-tests-sjt/,Professional SHL assessment for Situation Judgement Tests Sjt.,P
Situation Judgement Tests Sjt,https://www.shl.com/products/assessments/behavioral-assessments/situation-judgement-tests-sjt/,Professional SHL assessment for Situation Judgement Tests Sjt.,P
Situation Judgement Tests Sjt,https://www.shl.com/products/assessments/behavioral-assessments/situation-judgement-tests-sjt/,Professional SHL assessment for Situation Judgement Tests Sjt.,P
Situation Judgement Tests Sjt,https://www.shl.com/products/assessments/behavioral-assessments/situation-judgement-tests-sjt/,Professional SHL assessment for Situation Judgement Tests Sjt.,P
Situation Judgement Tests Sjt,https://www.shl.com/products/assessments/behavioral-assessments/situation-judgement-tests-sjt/,Professional SHL assessment for Situation Judgement Tests Sjt.,P
Situation Judgement Tests Sjt,https://www.shl.com/products/assessments/behavioral-assessments/situation-judgement-tests-sjt/,Professional SHL assessment for Situation Judgement Tests Sjt.,P
Situation Judgement Tests Sjt,https://www.shl.com/products/assessments/behavioral-assessments/situation-judgement-tests-sjt/,Professional SHL assessment for Situation Judgement Tests Sjt.,P
Situation Judgement Tests Sjt,https://www.shl.com/products/assessments/behavioral-assessments/situation-judgement-tests-sjt/,Professional SHL assessment for Situation Judgement Tests Sjt.,P
Situation Judgement Tests Sjt,https://www.shl.com/products/assessments/behavioral-assessments/situation-judgement-tests-sjt/,Professional SHL assessment for Situation Judgement Tests Sjt.,P
Situation Judgement Tests Sjt,https://www.shl.com/products/assessments/behavioral-assessments/situation-judgement-tests-sjt/,Professional SHL assessment for Situation Judgement Tests Sjt.,P
Situation Judgement Tests Sjt,https://www.shl.com/products/assessments/behavioral-assessments/situation-judgement-tests-sjt/,Professional SHL assessment for Situation Judgement Tests Sjt.,P
Situation Judgement Tests Sjt,https://www.shl.com/products/assessments/behavioral-assessments/situation-judgement-tests-sjt/,Professional SHL assessment for Situation Judgement Tests Sjt.,P
Situation Judgement Tests Sjt,https://www.shl.com/products/assessments/behavioral-assessments/situation-judgement-tests-sjt/,Professional SHL assessment for Situation Judgement Tests Sjt.,P
Situation Judgement Tests Sjt,https://www.shl.com/products/assessments/behavioral-assessments/situation-judgement-tests-sjt/,Professional SHL assessment for Situation Judgement Tests Sjt.,P
Situation Judgement Tests Sjt,https://www.shl.com/products/assessments/behavioral-assessments/situation-judgement-tests-sjt/,Professional SHL assessment for Situation Judgement Tests Sjt.,P
Situation Judgement Tests Sjt,https://www.shl.com/products/assessments/behavioral-assessments/situation-judgement-tests-sjt/,Professional SHL assessment for Situation Judgement Tests Sjt.,P
Situation Judgement Tests Sjt,https://www.shl.com/products/assessments/behavioral-assessments/situation-judgement-tests-sjt/,Professional SHL assessment for Situation Judgement Tests Sjt.,P
Situation Judgement Tests Sjt,https://www.shl.com/products/assessments/behavioral-assessments/situation-judgement-tests-sjt/,Professional SHL assessment for Situation Judgement Tests Sjt.,P
Situation Judgement Tests Sjt,https://www.shl.com/products/assessments/behavioral-assessments/situation-judgement-tests-sjt/,Professional SHL assessment for Situation Judgement Tests Sjt.,P
Situation Judgement Tests Sjt,https://www.shl.com/products/assessments/behavioral-assessments/situation-judgement-tests-sjt/,Professional SHL assessment for Situation Judgement Tests Sjt.,P
Situation Judgement Tests Sjt,https://www.shl.com/products/assessments/behavioral-assessments/situation-judgement-tests-sjt/,Professional SHL assessment for Situation Judgement Tests Sjt.,P
Situation Judgement Tests Sjt,https://www.shl.com/products/assessments/behavioral-assessments/situation-judgement-tests-sjt/,Professional SHL assessment for Situation Judgement Tests Sjt.,P
Situation Judgement Tests Sjt,https://www.shl.com/products/assessments/behavioral-assessments/situation-judgement-tests-sjt/,Professional SHL assessment for Situation Judgement Tests Sjt.,P
Situation Judgement Tests Sjt,https://www.shl.com/products/assessments/behavioral-assessments/situation-judgement-tests-sjt/,Professional SHL assessment for Situation Judgement Tests Sjt.,P
Situation Judgement Tests Sjt,https://www.shl.com/products/assessments/behavioral-assessments/situation-judgement-tests-sjt/,Professional SHL assessment for Situation Judgement Tests Sjt.,P
Situation Judgement Tests Sjt,https://www.shl.com/products/assessments/behavioral-assessments/situation-judgement-tests-sjt/,Professional SHL assessment for Situation Judgement Tests Sjt.,P
Situation Judgement Tests Sjt,https://www.shl.com/products/assessments/behavioral-assessments/situation-judgement-tests-sjt/,Professional SHL assessment for Situation Judgement Tests Sjt.,P
Situation Judgement Tests Sjt,https://www.shl.com/products/assessments/behavioral-assessments/situation-judgement-tests-sjt/,Professional SHL assessment for Situation Judgement Tests Sjt.,P
Situation Judgement Tests Sjt,https://www.shl.com/products/assessments/behavioral-assessments/situation-judgement-tests-sjt/,Professional SHL assessment for Situation Judgement Tests Sjt.,P
Situation Judgement Tests Sjt,https://www.shl.com/products/assessments/behavioral-assessments/situation-judgement-tests-sjt/,Professional SHL assessment for Situation Judgement Tests Sjt.,P
Situation Judgement Tests Sjt,https://www.shl.com/products/assessments/behavioral-assessments/situation-judgement-tests-sjt/,Professional SHL assessment for Situation Judgement Tests Sjt.,P
Situation Judgement Tests Sjt,https://www.shl.com/products/assessments/behavioral-assessments/situation-judgement-tests-sjt/,Professional SHL assessment for Situation Judgement Tests Sjt.,P
Situation Judgement Tests Sjt,https://www.shl.com/products/assessments/behavioral-assessments/situation-judgement-tests-sjt/,Professional SHL assessment for Situation Judgement Tests Sjt.,P
Situation Judgement Tests Sjt,https://www.shl.com/products/assessments/behavioral-assessments/situation-judgement-tests-sjt/,Professional SHL assessment for Situation Judgement Tests Sjt.,P
Situation Judgement Tests Sjt,https://www.shl.com/products/assessments/behavioral-assessments/situation-judgement-tests-sjt/,Professional SHL assessment for Situation Judgement Tests Sjt.,P
Situation Judgement Tests Sjt,https://www.shl.com/products/assessments/behavioral-assessments/situation-judgement-tests-sjt/,Professional SHL assessment for Situation Judgement Tests Sjt.,P
Situation Judgement Tests Sjt,https://www.shl.com/products/assessments/behavioral-assessments/situation-judgement-tests-sjt/,Professional SHL assessment for Situation Judgement Tests Sjt.,P
Situation Judgement Tests Sjt,https://www.shl.com/products/assessments/behavioral-assessments/situation-judgement-tests-sjt/,Professional SHL assessment for Situation Judgement Tests Sjt.,P
Situation Judgement Tests Sjt,https://www.shl.com/products/assessments/behavioral-assessments/situation-judgement-tests-sjt/,Professional SHL assessment for Situation Judgement Tests Sjt.,P
Situation Judgement Tests Sjt,https://www.shl.com/products/assessments/behavioral-assessments/situation-judgement-tests-sjt/,Professional SHL assessment for Situation Judgement Tests Sjt.,P
Situation Judgement Tests Sjt,https://www.shl.com/products/assessments/behavioral-assessments/situation-judgement-tests-sjt/,Professional SHL assessment for Situation Judgement Tests Sjt.,P
Situation Judgement Tests Sjt,https://www.shl.com/products/assessments/behavioral-assessments/situation-judgement-tests-sjt/,Professional SHL assessment for Situation Judgement Tests Sjt.,P
Situation Judgement Tests Sjt,https://www.shl.com/products/assessments/behavioral-assessments/situation-judgement-tests-sjt/,Professional SHL assessment for Situation Judgement Tests Sjt.,P
Situation Judgement Tests Sjt,https://www.shl.com/products/assessments/behavioral-assessments/situation-judgement-tests-sjt/,Professional SHL assessment for Situation Judgement Tests Sjt.,P
Situation Judgement Tests Sjt,https://www.shl.com/products/assessments/behavioral-assessments/situation-judgement-tests-sjt/,Professional SHL assessment for Situation Judgement Tests Sjt.,P
Situation Judgement Tests Sjt,https://www.shl.com/products/assessments/behavioral-assessments/situation-judgement-tests-sjt/,Professional SHL assessment for Situation Judgement Tests Sjt.,P
Situation Judgement Tests Sjt,https://www.shl.com/products/assessments/behavioral-assessments/situation-judgement-tests-sjt/,Professional SHL assessment for Situation Judgement Tests Sjt.,P
Situation Judgement Tests Sjt,https://www.shl.com/products/assessments/behavioral-assessments/situation-judgement-tests-sjt/,Professional SHL assessment for Situation Judgement Tests Sjt.,P
Situation Judgement Tests Sjt,https://www.shl.com/products/assessments/behavioral-assessments/situation-judgement-tests-sjt/,Professional SHL assessment for Situation Judgement Tests Sjt.,P
Situation Judgement Tests Sjt,https://www.shl.com/products/assessments/behavioral-assessments/situation-judgement-tests-sjt/,Professional SHL assessment for Situation Judgement Tests Sjt.,P
Situation Judgement Tests Sjt,https://www.shl.com/products/assessments/behavioral-assessments/situation-judgement-tests-sjt/,Professional SHL assessment for Situation Judgement Tests Sjt.,P
Situation Judgement Tests Sjt,https://www.shl.com/products/assessments/behavioral-assessments/situation-judgement-tests-sjt/,Professional SHL assessment for Situation Judgement Tests Sjt.,P
Situation Judgement Tests Sjt,https://www.shl.com/products/assessments/behavioral-assessments/situation-judgement-tests-sjt/,Professional SHL assessment for Situation Judgement Tests Sjt.,P
Situation Judgement Tests Sjt,https://www.shl.com/products/assessments/behavioral-assessments/situation-judgement-tests-sjt/,Professional SHL assessment for Situation Judgement Tests Sjt.,P
Situation Judgement Tests Sjt,https://www.shl.com/products/assessments/behavioral-assessments/situation-judgement-tests-sjt/,Professional SHL assessment for Situation Judgement Tests Sjt.,P
Situation Judgement Tests Sjt,https://www.shl.com/products/assessments/behavioral-assessments/situation-judgement-tests-sjt/,Professional SHL assessment for Situation Judgement Tests Sjt.,P
Situation Judgement Tests Sjt,https://www.shl.com/products/assessments/behavioral-assessments/situation-judgement-tests-sjt/,Professional SHL assessment for Situation Judgement Tests Sjt.,P
Situation Judgement Tests Sjt,https://www.shl.com/products/assessments/behavioral-assessments/situation-judgement-tests-sjt/,Professional SHL assessment for Situation Judgement Tests Sjt.,P
Situation Judgement Tests Sjt,https://www.shl.com/products/assessments/behavioral-assessments/situation-judgement-tests-sjt/,Professional SHL assessment for Situation Judgement Tests Sjt.,P
Situation Judgement Tests Sjt,https://www.shl.com/products/assessments/behavioral-assessments/situation-judgement-tests-sjt/,Professional SHL assessment for Situation Judgement Tests Sjt.,P
Situation Judgement Tests Sjt,https://www.shl.com/products/assessments/behavioral-assessments/situation-judgement-tests-sjt/,Professional SHL assessment for Situation Judgement Tests Sjt.,P
Situation Judgement Tests Sjt,https://www.shl.com/products/assessments/behavioral-assessments/situation-judgement-tests-sjt/,Professional SHL assessment for Situation Judgement Tests Sjt.,P
Situation Judgement Tests Sjt,https://www.shl.com/products/assessments/behavioral-assessments/situation-judgement-tests-sjt/,Professional SHL assessment for Situation Judgement Tests Sjt.,P
Situation Judgement Tests Sjt,https://www.shl.com/products/assessments/behavioral-assessments/situation-judgement-tests-sjt/,Professional SHL assessment for Situation Judgement Tests Sjt.,P
Situation Judgement Tests Sjt,https://www.shl.com/products/assessments/behavioral-assessments/situation-judgement-tests-sjt/,Professional SHL assessment for Situation Judgement Tests Sjt.,P
Situation Judgement Tests Sjt,https://www.shl.com/products/assessments/behavioral-assessments/situation-judgement-tests-sjt/,Professional SHL assessment for Situation Judgement Tests Sjt.,P
Situation Judgement Tests Sjt,https://www.shl.com/products/assessments/behavioral-assessments/situation-judgement-tests-sjt/,Professional SHL assessment for Situation Judgement Tests Sjt.,P
Situation Judgement Tests Sjt,https://www.shl.com/products/assessments/behavioral-assessments/situation-judgement-tests-sjt/,Professional SHL assessment for Situation Judgement Tests Sjt.,P
Situation Judgement Tests Sjt,https://www.shl.com/products/assessments/behavioral-assessments/situation-judgement-tests-sjt/,Professional SHL assessment for Situation Judgement Tests Sjt.,P
Situation Judgement Tests Sjt,https://www.shl.com/products/assessments/behavioral-assessments/situation-judgement-tests-sjt/,Professional SHL assessment for Situation Judgement Tests Sjt.,P
Situation Judgement Tests Sjt,https://www.shl.com/products/assessments/behavioral-assessments/situation-judgement-tests-sjt/,Professional SHL assessment for Situation Judgement Tests Sjt.,P
Situation Judgement Tests Sjt,https://www.shl.com/products/assessments/behavioral-assessments/situation-judgement-tests-sjt/,Professional SHL assessment for Situation Judgement Tests Sjt.,P
Situation Judgement Tests Sjt,https://www.shl.com/products/assessments/behavioral-assessments/situation-judgement-tests-sjt/,Professional SHL assessment for Situation Judgement Tests Sjt.,P
Situation Judgement Tests Sjt,https://www.shl.com/products/assessments/behavioral-assessments/situation-judgement-tests-sjt/,Professional SHL assessment for Situation Judgement Tests Sjt.,P
Situation Judgement Tests Sjt,https://www.shl.com/products/assessments/behavioral-assessments/situation-judgement-tests-sjt/,Professional SHL assessment for Situation Judgement Tests Sjt.,P
Situation Judgement Tests Sjt,https://www.shl.com/products/assessments/behavioral-assessments/situation-judgement-tests-sjt/,Professional SHL assessment for Situation Judgement Tests Sjt.,P
Situation Judgement Tests Sjt,https://www.shl.com/products/assessments/behavioral-assessments/situation-judgement-tests-sjt/,Professional SHL assessment for Situation Judgement Tests Sjt.,P
Situation Judgement Tests Sjt,https://www.shl.com/products/assessments/behavioral-assessments/situation-judgement-tests-sjt/,Professional SHL assessment for Situation Judgement Tests Sjt.,P
Situation Judgement Tests Sjt,https://www.shl.com/products/assessments/behavioral-assessments/situation-judgement-tests-sjt/,Professional SHL assessment for Situation Judgement Tests Sjt.,P
Situation Judgement Tests Sjt,https://www.shl.com/products/assessments/behavioral-assessments/situation-judgement-tests-sjt/,Professional SHL assessment for Situation Judgement Tests Sjt.,P
Situation Judgement Tests Sjt,https://www.shl.com/products/assessments/behavioral-assessments/situation-judgement-tests-sjt/,Professional SHL assessment for Situation Judgement Tests Sjt.,P
Situation Judgement Tests Sjt,https://www.shl.com/products/assessments/behavioral-assessments/situation-judgement-tests-sjt/,Professional SHL assessment for Situation Judgement Tests Sjt.,P
Situation Judgement Tests Sjt,https://www.shl.com/products/assessments/behavioral-assessments/situation-judgement-tests-sjt/,Professional SHL assessment for Situation Judgement Tests Sjt.,P
Situation Judgement Tests Sjt,https://www.shl.com/products/assessments/behavioral-assessments/situation-judgement-tests-sjt/,Professional SHL assessment for Situation Judgement Tests Sjt.,P
Situation Judgement Tests Sjt,https://www.shl.com/products/assessments/behavioral-assessments/situation-judgement-tests-sjt/,Professional SHL assessment for Situation Judgement Tests Sjt.,P
Situation Judgement Tests Sjt,https://www.shl.com/products/assessments/behavioral-assessments/situation-judgement-tests-sjt/,Professional SHL assessment for Situation Judgement Tests Sjt.,P
Situation Judgement Tests Sjt,https://www.shl.com/products/assessments/behavioral-assessments/situation-judgement-tests-sjt/,Professional SHL assessment for Situation Judgement Tests Sjt.,P
Situation Judgement Tests Sjt,https://www.shl.com/products/assessments/behavioral-assessments/situation-judgement-tests-sjt/,Professional SHL assessment for Situation Judgement Tests Sjt.,P
Situation Judgement Tests Sjt,https://www.shl.com/products/assessments/behavioral-assessments/situation-judgement-tests-sjt/,Professional SHL assessment for Situation Judgement Tests Sjt.,P
Situation Judgement Tests Sjt,https://www.shl.com/products/assessments/behavioral-assessments/situation-judgement-tests-sjt/,Professional SHL assessment for Situation Judgement Tests Sjt.,P
Situation Judgement Tests Sjt,https://www.shl.com/products/assessments/behavioral-assessments/situation-judgement-tests-sjt/,Professional SHL assessment for Situation Judgement Tests Sjt.,P
Situation Judgement Tests Sjt,https://www.shl.com/products/assessments/behavioral-assessments/situation-judgement-tests-sjt/,Professional SHL assessment for Situation Judgement Tests Sjt.,P
Situation Judgement Tests Sjt,https://www.shl.com/products/assessments/behavioral-assessments/situation-judgement-tests-sjt/,Professional SHL assessment for Situation Judgement Tests Sjt.,P
Situation Judgement Tests Sjt,https://www.shl.com/products/assessments/behavioral-assessments/situation-judgement-tests-sjt/,Professional SHL assessment for Situation Judgement Tests Sjt.,P
Situation Judgement Tests Sjt,https://www.shl.com/products/assessments/behavioral-assessments/situation-judgement-tests-sjt/,Professional SHL assessment for Situation Judgement Tests Sjt.,P
Situation Judgement Tests Sjt,https://www.shl.com/products/assessments/behavioral-assessments/situation-judgement-tests-sjt/,Professional SHL assessment for Situation Judgement Tests Sjt.,P
Situation Judgement Tests Sjt,https://www.shl.com/products/assessments/behavioral-assessments/situation-judgement-tests-sjt/,Professional SHL assessment for Situation Judgement Tests Sjt.,P
Situation Judgement Tests Sjt,https://www.shl.com/products/assessments/behavioral-assessments/situation-judgement-tests-sjt/,Professional SHL assessment for Situation Judgement Tests Sjt.,P
Situation Judgement Tests Sjt,https://www.shl.com/products/assessments/behavioral-assessments/situation-judgement-tests-sjt/,Professional SHL assessment for Situation Judgement Tests Sjt.,P
Situation Judgement Tests Sjt,https://www.shl.com/products/assessments/behavioral-assessments/situation-judgement-tests-sjt/,Professional SHL assessment for Situation Judgement Tests Sjt.,P
Situation Judgement Tests Sjt,https://www.shl.com/products/assessments/behavioral-assessments/situation-judgement-tests-sjt/,Professional SHL assessment for Situation Judgement Tests Sjt.,P
Situation Judgement Tests Sjt,https://www.shl.com/products/assessments/behavioral-assessments/situation-judgement-tests-sjt/,Professional SHL assessment for Situation Judgement Tests Sjt.,P
Situation Judgement Tests Sjt,https://www.shl.com/products/assessments/behavioral-assessments/situation-judgement-tests-sjt/,Professional SHL assessment for Situation Judgement Tests Sjt.,P
Situation Judgement Tests Sjt,https://www.shl.com/products/assessments/behavioral-assessments/situation-judgement-tests-sjt/,Professional SHL assessment for Situation Judgement Tests Sjt.,P
Situation Judgement Tests Sjt,https://www.shl.com/products/assessments/behavioral-assessments/situation-judgement-tests-sjt/,Professional SHL assessment for Situation Judgement Tests Sjt.,P
Situation Judgement Tests Sjt,https://www.shl.com/products/assessments/behavioral-assessments/situation-judgement-tests-sjt/,Professional SHL assessment for Situation Judgement Tests Sjt.,P
Situation Judgement Tests Sjt,https://www.shl.com/products/assessments/behavioral-assessments/situation-judgement-tests-sjt/,Professional SHL assessment for Situation Judgement Tests Sjt.,P
Situation Judgement Tests Sjt,https://www.shl.com/products/assessments/behavioral-assessments/situation-judgement-tests-sjt/,Professional SHL assessment for Situation Judgement Tests Sjt.,P
Situation Judgement Tests Sjt,https://www.shl.com/products/assessments/behavioral-assessments/situation-judgement-tests-sjt/,Professional SHL assessment for Situation Judgement Tests Sjt.,P
Situation Judgement Tests Sjt,https://www.shl.com/products/assessments/behavioral-assessments/situation-judgement-tests-sjt/,Professional SHL assessment for Situation Judgement Tests Sjt.,P
Situation Judgement Tests Sjt,https://www.shl.com/products/assessments/behavioral-assessments/situation-judgement-tests-sjt/,Professional SHL assessment for Situation Judgement Tests Sjt.,P
Situation Judgement Tests Sjt,https://www.shl.com/products/assessments/behavioral-assessments/situation-judgement-tests-sjt/,Professional SHL assessment for Situation Judgement Tests Sjt.,P
Situation Judgement Tests Sjt,https://www.shl.com/products/assessments/behavioral-assessments/situation-judgement-tests-sjt/,Professional SHL assessment for Situation Judgement Tests Sjt.,P
Situation Judgement Tests Sjt,https://www.shl.com/products/assessments/behavioral-assessments/situation-judgement-tests-sjt/,Professional SHL assessment for Situation Judgement Tests Sjt.,P
Situation Judgement Tests Sjt,https://www.shl.com/products/assessments/behavioral-assessments/situation-judgement-tests-sjt/,Professional SHL assessment for Situation Judgement Tests Sjt.,P
Situation Judgement Tests Sjt,https://www.shl.com/products/assessments/behavioral-assessments/situation-judgement-tests-sjt/,Professional SHL assessment for Situation Judgement Tests Sjt.,P
Situation Judgement Tests Sjt,https://www.shl.com/products/assessments/behavioral-assessments/situation-judgement-tests-sjt/,Professional SHL assessment for Situation Judgement Tests Sjt.,P
Situation Judgement Tests Sjt,https://www.shl.com/products/assessments/behavioral-assessments/situation-judgement-tests-sjt/,Professional SHL assessment for Situation Judgement Tests Sjt.,P
Situation Judgement Tests Sjt,https://www.shl.com/products/assessments/behavioral-assessments/situation-judgement-tests-sjt/,Professional SHL assessment for Situation Judgement Tests Sjt.,P
Situation Judgement Tests Sjt,https://www.shl.com/products/assessments/behavioral-assessments/situation-judgement-tests-sjt/,Professional SHL assessment for Situation Judgement Tests Sjt.,P
Situation Judgement Tests Sjt,https://www.shl.com/products/assessments/behavioral-assessments/situation-judgement-tests-sjt/,Professional SHL assessment for Situation Judgement Tests Sjt.,P
Situation Judgement Tests Sjt,https://www.shl.com/products/assessments/behavioral-assessments/situation-judgement-tests-sjt/,Professional SHL assessment for Situation Judgement Tests Sjt.,P
Situation Judgement Tests Sjt,https://www.shl.com/products/assessments/behavioral-assessments/situation-judgement-tests-sjt/,Professional SHL assessment for Situation Judgement Tests Sjt.,P
Situation Judgement Tests Sjt,https://www.shl.com/products/assessments/behavioral-assessments/situation-judgement-tests-sjt/,Professional SHL assessment for Situation Judgement Tests Sjt.,P
Situation Judgement Tests Sjt,https://www.shl.com/products/assessments/behavioral-assessments/situation-judgement-tests-sjt/,Professional SHL assessment for Situation Judgement Tests Sjt.,P
Situation Judgement Tests Sjt,https://www.shl.com/products/assessments/behavioral-assessments/situation-judgement-tests-sjt/,Professional SHL assessment for Situation Judgement Tests Sjt.,P
Situation Judgement Tests Sjt,https://www.shl.com/products/assessments/behavioral-assessments/situation-judgement-tests-sjt/,Professional SHL assessment for Situation Judgement Tests Sjt.,P
Situation Judgement Tests Sjt,https://www.shl.com/products/assessments/behavioral-assessments/situation-judgement-tests-sjt/,Professional SHL assessment for Situation Judgement Tests Sjt.,P
Situation Judgement Tests Sjt,https://www.shl.com/products/assessments/behavioral-assessments/situation-judgement-tests-sjt/,Professional SHL assessment for Situation Judgement Tests Sjt.,P
Situation Judgement Tests Sjt,https://www.shl.com/products/assessments/behavioral-assessments/situation-judgement-tests-sjt/,Professional SHL assessment for Situation Judgement Tests Sjt.,P
Situation Judgement Tests Sjt,https://www.shl.com/products/assessments/behavioral-assessments/situation-judgement-tests-sjt/,Professional SHL assessment for Situation Judgement Tests Sjt.,P
Situation Judgement Tests Sjt,https://www.shl.com/products/assessments/behavioral-assessments/situation-judgement-tests-sjt/,Professional SHL assessment for Situation Judgement Tests Sjt.,P
Situation Judgement Tests Sjt,https://www.shl.com/products/assessments/behavioral-assessments/situation-judgement-tests-sjt/,Professional SHL assessment for Situation Judgement Tests Sjt.,P
Situation Judgement Tests Sjt,https://www.shl.com/products/assessments/behavioral-assessments/situation-judgement-tests-sjt/,Professional SHL assessment for Situation Judgement Tests Sjt.,P
Situation Judgement Tests Sjt,https://www.shl.com/products/assessments/behavioral-assessments/situation-judgement-tests-sjt/,Professional SHL assessment for Situation Judgement Tests Sjt.,P
Situation Judgement Tests Sjt,https://www.shl.com/products/assessments/behavioral-assessments/situation-judgement-tests-sjt/,Professional SHL assessment for Situation Judgement Tests Sjt.,P
Situation Judgement Tests Sjt,https://www.shl.com/products/assessments/behavioral-assessments/situation-judgement-tests-sjt/,Professional SHL assessment for Situation Judgement Tests Sjt.,P
Situation Judgement Tests Sjt,https://www.shl.com/products/assessments/behavioral-assessments/situation-judgement-tests-sjt/,Professional SHL assessment for Situation Judgement Tests Sjt.,P
Situation Judgement Tests Sjt,https://www.shl.com/products/assessments/behavioral-assessments/situation-judgement-tests-sjt/,Professional SHL assessment for Situation Judgement Tests Sjt.,P
Situation Judgement Tests Sjt,https://www.shl.com/products/assessments/behavioral-assessments/situation-judgement-tests-sjt/,Professional SHL assessment for Situation Judgement Tests Sjt.,P
Situation Judgement Tests Sjt,https://www.shl.com/products/assessments/behavioral-assessments/situation-judgement-tests-sjt/,Professional SHL assessment for Situation Judgement Tests Sjt.,P
Situation Judgement Tests Sjt,https://www.shl.com/products/assessments/behavioral-assessments/situation-judgement-tests-sjt/,Professional SHL assessment for Situation Judgement Tests Sjt.,P
Situation Judgement Tests Sjt,https://www.shl.com/products/assessments/behavioral-assessments/situation-judgement-tests-sjt/,Professional SHL assessment for Situation Judgement Tests Sjt.,P
Situation Judgement Tests Sjt,https://www.shl.com/products/assessments/behavioral-assessments/situation-judgement-tests-sjt/,Professional SHL assessment for Situation Judgement Tests Sjt.,P
Situation Judgement Tests Sjt,https://www.shl.com/products/assessments/behavioral-assessments/situation-judgement-tests-sjt/,Professional SHL assessment for Situation Judgement Tests Sjt.,P
Situation Judgement Tests Sjt,https://www.shl.com/products/assessments/behavioral-assessments/situation-judgement-tests-sjt/,Professional SHL assessment for Situation Judgement Tests Sjt.,P
Situation Judgement Tests Sjt,https://www.shl.com/products/assessments/behavioral-assessments/situation-judgement-tests-sjt/,Professional SHL assessment for Situation Judgement Tests Sjt.,P
Situation Judgement Tests Sjt,https://www.shl.com/products/assessments/behavioral-assessments/situation-judgement-tests-sjt/,Professional SHL assessment for Situation Judgement Tests Sjt.,P
Situation Judgement Tests Sjt,https://www.shl.com/products/assessments/behavioral-assessments/situation-judgement-tests-sjt/,Professional SHL assessment for Situation Judgement Tests Sjt.,P
Situation Judgement Tests Sjt,https://www.shl.com/products/assessments/behavioral-assessments/situation-judgement-tests-sjt/,Professional SHL assessment for Situation Judgement Tests Sjt.,P
Situation Judgement Tests Sjt,https://www.shl.com/products/assessments/behavioral-assessments/situation-judgement-tests-sjt/,Professional SHL assessment for Situation Judgement Tests Sjt.,P
Situation Judgement Tests Sjt,https://www.shl.com/products/assessments/behavioral-assessments/situation-judgement-tests-sjt/,Professional SHL assessment for Situation Judgement Tests Sjt.,P
Situation Judgement Tests Sjt,https://www.shl.com/products/assessments/behavioral-assessments/situation-judgement-tests-sjt/,Professional SHL assessment for Situation Judgement Tests Sjt.,P
Situation Judgement Tests Sjt,https://www.shl.com/products/assessments/behavioral-assessments/situation-judgement-tests-sjt/,Professional SHL assessment for Situation Judgement Tests Sjt.,P
Situation Judgement Tests Sjt,https://www.shl.com/products/assessments/behavioral-assessments/situation-judgement-tests-sjt/,Professional SHL assessment for Situation Judgement Tests Sjt.,P
Situation Judgement Tests Sjt,https://www.shl.com/products/assessments/behavioral-assessments/situation-judgement-tests-sjt/,Professional SHL assessment for Situation Judgement Tests Sjt.,P
Situation Judgement Tests Sjt,https://www.shl.com/products/assessments/behavioral-assessments/situation-judgement-tests-sjt/,Professional SHL assessment for Situation Judgement Tests Sjt.,P
Situation Judgement Tests Sjt,https://www.shl.com/products/assessments/behavioral-assessments/situation-judgement-tests-sjt/,Professional SHL assessment for Situation Judgement Tests Sjt.,P
Situation Judgement Tests Sjt,https://www.shl.com/products/assessments/behavioral-assessments/situation-judgement-tests-sjt/,Professional SHL assessment for Situation Judgement Tests Sjt.,P
Situation Judgement Tests Sjt,https://www.shl.com/products/assessments/behavioral-assessments/situation-judgement-tests-sjt/,Professional SHL assessment for Situation Judgement Tests Sjt.,P
Situation Judgement Tests Sjt,https://www.shl.com/products/assessments/behavioral-assessments/situation-judgement-tests-sjt/,Professional SHL assessment for Situation Judgement Tests Sjt.,P
Situation Judgement Tests Sjt,https://www.shl.com/products/assessments/behavioral-assessments/situation-judgement-tests-sjt/,Professional SHL assessment for Situation Judgement Tests Sjt.,P
Situation Judgement Tests Sjt,https://www.shl.com/products/assessments/behavioral-assessments/situation-judgement-tests-sjt/,Professional SHL assessment for Situation Judgement Tests Sjt.,P
Situation Judgement Tests Sjt,https://www.shl.com/products/assessments/behavioral-assessments/situation-judgement-tests-sjt/,Professional SHL assessment for Situation Judgement Tests Sjt.,P
Situation Judgement Tests Sjt,https://www.shl.com/products/assessments/behavioral-assessments/situation-judgement-tests-sjt/,Professional SHL assessment for Situation Judgement Tests Sjt.,P
Situation Judgement Tests Sjt,https://www.shl.com/products/assessments/behavioral-assessments/situation-judgement-tests-sjt/,Professional SHL assessment for Situation Judgement Tests Sjt.,P
Situation Judgement Tests Sjt,https://www.shl.com/products/assessments/behavioral-assessments/situation-judgement-tests-sjt/,Professional SHL assessment for Situation Judgement Tests Sjt.,P
Situation Judgement Tests Sjt,https://www.shl.com/products/assessments/behavioral-assessments/situation-judgement-tests-sjt/,Professional SHL assessment for Situation Judgement Tests Sjt.,P
Situation Judgement Tests Sjt,https://www.shl.com/products/assessments/behavioral-assessments/situation-judgement-tests-sjt/,Professional SHL assessment for Situation Judgement Tests Sjt.,P
Situation Judgement Tests Sjt,https://www.shl.com/products/assessments/behavioral-assessments/situation-judgement-tests-sjt/,Professional SHL assessment for Situation Judgement Tests Sjt.,P
Situation Judgement Tests Sjt,https://www.shl.com/products/assessments/behavioral-assessments/situation-judgement-tests-sjt/,Professional SHL assessment for Situation Judgement Tests Sjt.,P
Situation Judgement Tests Sjt,https://www.shl.com/products/assessments/behavioral-assessments/situation-judgement-tests-sjt/,Professional SHL assessment for Situation Judgement Tests Sjt.,P
Situation Judgement Tests Sjt,https://www.shl.com/products/assessments/behavioral-assessments/situation-judgement-tests-sjt/,Professional SHL assessment for Situation Judgement Tests Sjt.,P
Situation Judgement Tests Sjt,https://www.shl.com/products/assessments/behavioral-assessments/situation-judgement-tests-sjt/,Professional SHL assessment for Situation Judgement Tests Sjt.,P
Situation Judgement Tests Sjt,https://www.shl.com/products/assessments/behavioral-assessments/situation-judgement-tests-sjt/,Professional SHL assessment for Situation Judgement Tests Sjt.,P
Situation Judgement Tests Sjt,https://www.shl.com/products/assessments/behavioral-assessments/situation-judgement-tests-sjt/,Professional SHL assessment for Situation Judgement Tests Sjt.,P
Situation Judgement Tests Sjt,https://www.shl.com/products/assessments/behavioral-assessments/situation-judgement-tests-sjt/,Professional SHL assessment for Situation Judgement Tests Sjt.,P
Situation Judgement Tests Sjt,https://www.shl.com/products/assessments/behavioral-assessments/situation-judgement-tests-sjt/,Professional SHL assessment for Situation Judgement Tests Sjt.,P
Situation Judgement Tests Sjt,https://www.shl.com/products/assessments/behavioral-assessments/situation-judgement-tests-sjt/,Professional SHL assessment for Situation Judgement Tests Sjt.,P
Situation Judgement Tests Sjt,https://www.shl.com/products/assessments/behavioral-assessments/situation-judgement-tests-sjt/,Professional SHL assessment for Situation Judgement Tests Sjt.,P
Situation Judgement Tests Sjt,https://www.shl.com/products/assessments/behavioral-assessments/situation-judgement-tests-sjt/,Professional SHL assessment for Situation Judgement Tests Sjt.,P
Situation Judgement Tests Sjt,https://www.shl.com/products/assessments/behavioral-assessments/situation-judgement-tests-sjt/,Professional SHL assessment for Situation Judgement Tests Sjt.,P
Situation Judgement Tests Sjt,https://www.shl.com/products/assessments/behavioral-assessments/situation-judgement-tests-sjt/,Professional SHL assessment for Situation Judgement Tests Sjt.,P
Situation Judgement Tests Sjt,https://www.shl.com/products/assessments/behavioral-assessments/situation-judgement-tests-sjt/,Professional SHL assessment for Situation Judgement Tests Sjt.,P
Situation Judgement Tests Sjt,https://www.shl.com/products/assessments/behavioral-assessments/situation-judgement-tests-sjt/,Professional SHL assessment for Situation Judgement Tests Sjt.,P
Situation Judgement Tests Sjt,https://www.shl.com/products/assessments/behavioral-assessments/situation-judgement-tests-sjt/,Professional SHL assessment for Situation Judgement Tests Sjt.,P
Situation Judgement Tests Sjt,https://www.shl.com/products/assessments/behavioral-assessments/situation-judgement-tests-sjt/,Professional SHL assessment for Situation Judgement Tests Sjt.,P
Situation Judgement Tests Sjt,https://www.shl.com/products/assessments/behavioral-assessments/situation-judgement-tests-sjt/,Professional SHL assessment for Situation Judgement Tests Sjt.,P
Situation Judgement Tests Sjt,https://www.shl.com/products/assessments/behavioral-assessments/situation-judgement-tests-sjt/,Professional SHL assessment for Situation Judgement Tests Sjt.,P
Situation Judgement Tests Sjt,https://www.shl.com/products/assessments/behavioral-assessments/situation-judgement-tests-sjt/,Professional SHL assessment for Situation Judgement Tests Sjt.,P
Situation Judgement Tests Sjt,https://www.shl.com/products/assessments/behavioral-assessments/situation-judgement-tests-sjt/,Professional SHL assessment for Situation Judgement Tests Sjt.,P
Situation Judgement Tests Sjt,https://www.shl.com/products/assessments/behavioral-assessments/situation-judgement-tests-sjt/,Professional SHL assessment for Situation Judgement Tests Sjt.,P
Situation Judgement Tests Sjt,https://www.shl.com/products/assessments/behavioral-assessments/situation-judgement-tests-sjt/,Professional SHL assessment for Situation Judgement Tests Sjt.,P
Situation Judgement Tests Sjt,https://www.shl.com/products/assessments/behavioral-assessments/situation-judgement-tests-sjt/,Professional SHL assessment for Situation Judgement Tests Sjt.,P
Situation Judgement Tests Sjt,https://www.shl.com/products/assessments/behavioral-assessments/situation-judgement-tests-sjt/,Professional SHL assessment for Situation Judgement Tests Sjt.,P
Situation Judgement Tests Sjt,https://www.shl.com/products/assessments/behavioral-assessments/situation-judgement-tests-sjt/,Professional SHL assessment for Situation Judgement Tests Sjt.,P
Situation Judgement Tests Sjt,https://www.shl.com/products/assessments/behavioral-assessments/situation-judgement-tests-sjt/,Professional SHL assessment for Situation Judgement Tests Sjt.,P
Situation Judgement Tests Sjt,https://www.shl.com/products/assessments/behavioral-assessments/situation-judgement-tests-sjt/,Professional SHL assessment for Situation Judgement Tests Sjt.,P
Situation Judgement Tests Sjt,https://www.shl.com/products/assessments/behavioral-assessments/situation-judgement-tests-sjt/,Professional SHL assessment for Situation Judgement Tests Sjt.,P
Situation Judgement Tests Sjt,https://www.shl.com/products/assessments/behavioral-assessments/situation-judgement-tests-sjt/,Professional SHL assessment for Situation Judgement Tests Sjt.,P
Situation Judgement Tests Sjt,https://www.shl.com/products/assessments/behavioral-assessments/situation-judgement-tests-sjt/,Professional SHL assessment for Situation Judgement Tests Sjt.,P
Situation Judgement Tests Sjt,https://www.shl.com/products/assessments/behavioral-assessments/situation-judgement-tests-sjt/,Professional SHL assessment for Situation Judgement Tests Sjt.,P
Situation Judgement Tests Sjt,https://www.shl.com/products/assessments/behavioral-assessments/situation-judgement-tests-sjt/,Professional SHL assessment for Situation Judgement Tests Sjt.,P
Situation Judgement Tests Sjt,https://www.shl.com/products/assessments/behavioral-assessments/situation-judgement-tests-sjt/,Professional SHL assessment for Situation Judgement Tests Sjt.,P
Situation Judgement Tests Sjt,https://www.shl.com/products/assessments/behavioral-assessments/situation-judgement-tests-sjt/,Professional SHL assessment for Situation Judgement Tests Sjt.,P
Situation Judgement Tests Sjt,https://www.shl.com/products/assessments/behavioral-assessments/situation-judgement-tests-sjt/,Professional SHL assessment for Situation Judgement Tests Sjt.,P
Situation Judgement Tests Sjt,https://www.shl.com/products/assessments/behavioral-assessments/situation-judgement-tests-sjt/,Professional SHL assessment for Situation Judgement Tests Sjt.,P
Situation Judgement Tests Sjt,https://www.shl.com/products/assessments/behavioral-assessments/situation-judgement-tests-sjt/,Professional SHL assessment for Situation Judgement Tests Sjt.,P
Situation Judgement Tests Sjt,https://www.shl.com/products/assessments/behavioral-assessments/situation-judgement-tests-sjt/,Professional SHL assessment for Situation Judgement Tests Sjt.,P
Situation Judgement Tests Sjt,https://www.shl.com/products/assessments/behavioral-assessments/situation-judgement-tests-sjt/,Professional SHL assessment for Situation Judgement Tests Sjt.,P
Situation Judgement Tests Sjt,https://www.shl.com/products/assessments/behavioral-assessments/situation-judgement-tests-sjt/,Professional SHL assessment for Situation Judgement Tests Sjt.,P
Situation Judgement Tests Sjt,https://www.shl.com/products/assessments/behavioral-assessments/situation-judgement-tests-sjt/,Professional SHL assessment for Situation Judgement Tests Sjt.,P
Situation Judgement Tests Sjt,https://www.shl.com/products/assessments/behavioral-assessments/situation-judgement-tests-sjt/,Professional SHL assessment for Situation Judgement Tests Sjt.,P
Situation Judgement Tests Sjt,https://www.shl.com/products/assessments/behavioral-assessments/situation-judgement-tests-sjt/,Professional SHL assessment for Situation Judgement Tests Sjt.,P
Situation Judgement Tests Sjt,https://www.shl.com/products/assessments/behavioral-assessments/situation-judgement-tests-sjt/,Professional SHL assessment for Situation Judgement Tests Sjt.,P
Situation Judgement Tests Sjt,https://www.shl.com/products/assessments/behavioral-assessments/situation-judgement-tests-sjt/,Professional SHL assessment for Situation Judgement Tests Sjt.,P
Situation Judgement Tests Sjt,https://www.shl.com/products/assessments/behavioral-assessments/situation-judgement-tests-sjt/,Professional SHL assessment for Situation Judgement Tests Sjt.,P
Situation Judgement Tests Sjt,https://www.shl.com/products/assessments/behavioral-assessments/situation-judgement-tests-sjt/,Professional SHL assessment for Situation Judgement Tests Sjt.,P
Situation Judgement Tests Sjt,https://www.shl.com/products/assessments/behavioral-assessments/situation-judgement-tests-sjt/,Professional SHL assessment for Situation Judgement Tests Sjt.,P
Situation Judgement Tests Sjt,https://www.shl.com/products/assessments/behavioral-assessments/situation-judgement-tests-sjt/,Professional SHL assessment for Situation Judgement Tests Sjt.,P
Situation Judgement Tests Sjt,https://www.shl.com/products/assessments/behavioral-assessments/situation-judgement-tests-sjt/,Professional SHL assessment for Situation Judgement Tests Sjt.,P
Situation Judgement Tests Sjt,https://www.shl.com/products/assessments/behavioral-assessments/situation-judgement-tests-sjt/,Professional SHL assessment for Situation Judgement Tests Sjt.,P
Situation Judgement Tests Sjt,https://www.shl.com/products/assessments/behavioral-assessments/situation-judgement-tests-sjt/,Professional SHL assessment for Situation Judgement Tests Sjt.,P
Situation Judgement Tests Sjt,https://www.shl.com/products/assessments/behavioral-assessments/situation-judgement-tests-sjt/,Professional SHL assessment for Situation Judgement Tests Sjt.,P
Situation Judgement Tests Sjt,https://www.shl.com/products/assessments/behavioral-assessments/situation-judgement-tests-sjt/,Professional SHL assessment for Situation Judgement Tests Sjt.,P
Situation Judgement Tests Sjt,https://www.shl.com/products/assessments/behavioral-assessments/situation-judgement-tests-sjt/,Professional SHL assessment for Situation Judgement Tests Sjt.,P
Situation Judgement Tests Sjt,https://www.shl.com/products/assessments/behavioral-assessments/situation-judgement-tests-sjt/,Professional SHL assessment for Situation Judgement Tests Sjt.,P
Situation Judgement Tests Sjt,https://www.shl.com/products/assessments/behavioral-assessments/situation-judgement-tests-sjt/,Professional SHL assessment for Situation Judgement Tests Sjt.,P
Situation Judgement Tests Sjt,https://www.shl.com/products/assessments/behavioral-assessments/situation-judgement-tests-sjt/,Professional SHL assessment for Situation Judgement Tests Sjt.,P
Situation Judgement Tests Sjt,https://www.shl.com/products/assessments/behavioral-assessments/situation-judgement-tests-sjt/,Professional SHL assessment for Situation Judgement Tests Sjt.,P
Situation Judgement Tests Sjt,https://www.shl.com/products/assessments/behavioral-assessments/situation-judgement-tests-sjt/,Professional SHL assessment for Situation Judgement Tests Sjt.,P
Situation Judgement Tests Sjt,https://www.shl.com/products/assessments/behavioral-assessments/situation-judgement-tests-sjt/,Professional SHL assessment for Situation Judgement Tests Sjt.,P
Situation Judgement Tests Sjt,https://www.shl.com/products/assessments/behavioral-assessments/situation-judgement-tests-sjt/,Professional SHL assessment for Situation Judgement Tests Sjt.,P
Situation Judgement Tests Sjt,https://www.shl.com/products/assessments/behavioral-assessments/situation-judgement-tests-sjt/,Professional SHL assessment for Situation Judgement Tests Sjt.,P
Situation Judgement Tests Sjt,https://www.shl.com/products/assessments/behavioral-assessments/situation-judgement-tests-sjt/,Professional SHL assessment for Situation Judgement Tests Sjt.,P
Situation Judgement Tests Sjt,https://www.shl.com/products/assessments/behavioral-assessments/situation-judgement-tests-sjt/,Professional SHL assessment for Situation Judgement Tests Sjt.,P
Situation Judgement Tests Sjt,https://www.shl.com/products/assessments/behavioral-assessments/situation-judgement-tests-sjt/,Professional SHL assessment for Situation Judgement Tests Sjt.,P
Situation Judgement Tests Sjt,https://www.shl.com/products/assessments/behavioral-assessments/situation-judgement-tests-sjt/,Professional SHL assessment for Situation Judgement Tests Sjt.,P
Situation Judgement Tests Sjt,https://www.shl.com/products/assessments/behavioral-assessments/situation-judgement-tests-sjt/,Professional SHL assessment for Situation Judgement Tests Sjt.,P
Situation Judgement Tests Sjt,https://www.shl.com/products/assessments/behavioral-assessments/situation-judgement-tests-sjt/,Professional SHL assessment for Situation Judgement Tests Sjt.,P
Situation Judgement Tests Sjt,https://www.shl.com/products/assessments/behavioral-assessments/situation-judgement-tests-sjt/,Professional SHL assessment for Situation Judgement Tests Sjt.,P
Situation Judgement Tests Sjt,https://www.shl.com/products/assessments/behavioral-assessments/situation-judgement-tests-sjt/,Professional SHL assessment for Situation Judgement Tests Sjt.,P
Situation Judgement Tests Sjt,https://www.shl.com/products/assessments/behavioral-assessments/situation-judgement-tests-sjt/,Professional SHL assessment for Situation Judgement Tests Sjt.,P
Situation Judgement Tests Sjt,https://www.shl.com/products/assessments/behavioral-assessments/situation-judgement-tests-sjt/,Professional SHL assessment for Situation Judgement Tests Sjt.,P
Situation Judgement Tests Sjt,https://www.shl.com/products/assessments/behavioral-assessments/situation-judgement-tests-sjt/,Professional SHL assessment for Situation Judgement Tests Sjt.,P
Situation Judgement Tests Sjt,https://www.shl.com/products/assessments/behavioral-assessments/situation-judgement-tests-sjt/,Professional SHL assessment for Situation Judgement Tests Sjt.,P
Situation Judgement Tests Sjt,https://www.shl.com/products/assessments/behavioral-assessments/situation-judgement-tests-sjt/,Professional SHL assessment for Situation Judgement Tests Sjt.,P
Situation Judgement Tests Sjt,https://www.shl.com/products/assessments/behavioral-assessments/situation-judgement-tests-sjt/,Professional SHL assessment for Situation Judgement Tests Sjt.,P
Situation Judgement Tests Sjt,https://www.shl.com/products/assessments/behavioral-assessments/situation-judgement-tests-sjt/,Professional SHL assessment for Situation Judgement Tests Sjt.,P
